{"cameraMode":{"drawMode":0,"name":"Shaded","section":"Shading Mode"},"sceneLighting":true,"audioPlay":false,"sceneViewState":{"showFog":false,"showMaterialUpdate":false,"showSkybox":false,"showFlares":false,"showImageEffects":false,"showParticleSystems":true},"in2DMode":false,"pivot":{"x":0.929537296295166,"y":16.85630226135254,"z":-33.91524124145508},"rotation":{"x":-0.3266012668609619,"y":-0.09590063989162445,"z":0.03333151340484619,"w":-0.9396934509277344},"size":31.159631729125978,"orthographic":false}