{"cameraMode":{"drawMode":0,"name":"Shaded","section":"Shading Mode"},"sceneLighting":true,"audioPlay":false,"sceneViewState":{"showFog":false,"showMaterialUpdate":false,"showSkybox":false,"showFlares":false,"showImageEffects":false,"showParticleSystems":true},"in2DMode":false,"pivot":{"x":9.669700622558594,"y":-0.7249412536621094,"z":1.9038853645324708},"rotation":{"x":-0.23006707429885865,"y":0.6229797005653381,"z":-0.19887010753154756,"w":-0.7207052707672119},"size":171.34339904785157,"orthographic":false}