{"cameraMode":{"drawMode":0,"name":"Shaded","section":"Shading Mode"},"sceneLighting":true,"audioPlay":false,"sceneViewState":{"showFog":false,"showMaterialUpdate":false,"showSkybox":false,"showFlares":false,"showImageEffects":false,"showParticleSystems":true},"in2DMode":false,"pivot":{"x":10.519679069519043,"y":54.1555061340332,"z":14.255444526672364},"rotation":{"x":-0.11888522654771805,"y":0.8127172589302063,"z":-0.541808009147644,"w":-0.17832891643047334},"size":32.694095611572269,"orthographic":false}